[
    {
        "Id": "lisa-id",
        "Email": "lisa@test.com",
        "Gender": "female",
        "DateOfBirth": "1986-07-22",
        "DisplayName": "Lisa",
        "Created": "2023-06-24",
        "LastActive": "2024-06-21",
        "Description": "Sunt esse aliqua ullamco in incididunt consequat commodo. Nisi ad esse elit ipsum commodo fugiat est ad. Incididunt nostrud incididunt nostrud sit excepteur occaecat.\r\n",
        "City": "Greenbush",
        "Country": "Martinique",
        "ImageUrl": "https://randomuser.me/api/portraits/women/54.jpg"
    },
    {
        "Id": "karen-id",
        "Email": "karen@test.com",
        "Gender": "female",
        "DateOfBirth": "1995-10-12",
        "DisplayName": "Karen",
        "Created": "2022-12-09",
        "LastActive": "2024-05-06",
        "Description": "Laborum dolore aliquip voluptate sunt cupidatat fugiat. Aliqua cillum deserunt do sunt ullamco aute Lorem nisi irure velit esse excepteur ex qui. Aliquip cupidatat officia ullamco duis veniam quis elit dolore nisi proident exercitation id cillum ullamco. In exercitation aliqua commodo veniam culpa duis commodo mollit et sint culpa.\r\n",
        "City": "Celeryville",
        "Country": "Grenada",
        "ImageUrl": "https://randomuser.me/api/portraits/women/50.jpg"
    },
    {
        "Id": "margo-id",
        "Email": "margo@test.com",
        "Gender": "female",
        "DateOfBirth": "1989-01-24",
        "DisplayName": "Margo",
        "Created": "2023-08-10",
        "LastActive": "2024-05-12",
        "Description": "Dolor ut mollit sunt fugiat magna do eu et aliqua. Dolor consectetur reprehenderit irure non adipisicing ad irure sint id amet reprehenderit esse consectetur ex. Nisi sunt minim amet dolore eiusmod occaecat commodo nostrud tempor dolore velit. Fugiat labore duis nulla do officia voluptate ullamco. Velit ex ullamco cillum amet qui anim et ullamco adipisicing fugiat exercitation aliqua. Consectetur et do labore enim aliqua occaecat.\r\n",
        "City": "Rosewood",
        "Country": "Svalbard and Jan Mayen Islands",
        "ImageUrl": "https://randomuser.me/api/portraits/women/14.jpg"
    },
    {
        "Id": "lois-id",
        "Email": "lois@test.com",
        "Gender": "female",
        "DateOfBirth": "1998-06-22",
        "DisplayName": "Lois",
        "Created": "2024-04-24",
        "LastActive": "2024-06-17",
        "Description": "Cillum elit nostrud enim laboris pariatur labore ipsum ut. Quis elit irure sint velit laboris anim Lorem laboris. Labore reprehenderit magna officia aliquip pariatur ea id id commodo. Culpa duis non ex nisi. Deserunt pariatur aliqua consequat reprehenderit sunt ex exercitation.\r\n",
        "City": "Orviston",
        "Country": "Zimbabwe",
        "ImageUrl": "https://randomuser.me/api/portraits/women/11.jpg"
    },
    {
        "Id": "ruthie-id",
        "Email": "ruthie@test.com",
        "Gender": "female",
        "DateOfBirth": "1996-01-12",
        "DisplayName": "Ruthie",
        "Created": "2022-08-30",
        "LastActive": "2023-06-21",
        "Description": "Qui ipsum voluptate exercitation officia nisi velit adipisicing exercitation sint nulla do. Qui fugiat non nisi excepteur et duis elit consectetur ullamco velit fugiat. Sit do esse cupidatat quis eiusmod cupidatat.\r\n",
        "City": "Germanton",
        "Country": "Antigua and Barbuda",
        "ImageUrl": "https://randomuser.me/api/portraits/women/84.jpg"
    },
    {
        "Id": "todd-id",
        "Email": "todd@test.com",
        "Gender": "male",
        "DateOfBirth": "1990-02-07",
        "DisplayName": "Todd",
        "Created": "2022-04-29",
        "LastActive": "2022-05-16",
        "Description": "Mollit elit cillum dolore ea laboris consequat excepteur eiusmod eiusmod qui magna mollit occaecat. Sint qui ut veniam non. Est non veniam magna in consectetur ullamco eiusmod in elit aute ea ipsum aliquip. Duis nisi do dolore ad. Consectetur incididunt quis exercitation aliquip officia. Ex anim pariatur veniam fugiat aute consequat quis nisi in quis.\r\n",
        "City": "Cliff",
        "Country": "British Indian Ocean Territory",
        "ImageUrl": "https://randomuser.me/api/portraits/men/90.jpg"
    },
    {
        "Id": "porter-id",
        "Email": "porter@test.com",
        "Gender": "male",
        "DateOfBirth": "1977-04-09",
        "DisplayName": "Porter",
        "Created": "2021-04-05",
        "LastActive": "2022-06-23",
        "Description": "Qui adipisicing enim mollit magna fugiat. Quis laborum sit adipisicing Lorem veniam magna. Aliqua ex occaecat id duis aute excepteur quis eu eiusmod. Cillum consectetur dolore officia consequat veniam nulla qui occaecat ullamco ipsum sit incididunt aute ullamco.\r\n",
        "City": "Welda",
        "Country": "Christmas Island",
        "ImageUrl": "https://randomuser.me/api/portraits/men/99.jpg"
    },
    {
        "Id": "mayo-id",
        "Email": "mayo@test.com",
        "Gender": "male",
        "DateOfBirth": "1990-03-23",
        "DisplayName": "Mayo",
        "Created": "2021-03-14",
        "LastActive": "2024-05-17",
        "Description": "Aliquip labore nisi veniam exercitation sit laborum nisi pariatur dolore tempor irure. Ad officia et eu cupidatat qui irure pariatur qui excepteur dolor ut eiusmod. Exercitation qui cillum elit elit officia elit culpa eu consequat cupidatat velit esse.\r\n",
        "City": "Clarence",
        "Country": "Burkina Faso",
        "ImageUrl": "https://randomuser.me/api/portraits/men/57.jpg"
    },
    {
        "Id": "skinner-id",
        "Email": "skinner@test.com",
        "Gender": "male",
        "DateOfBirth": "1982-12-01",
        "DisplayName": "Skinner",
        "Created": "2022-01-28",
        "LastActive": "2025-02-07",
        "Description": "Cupidatat dolor irure officia qui consequat ea laborum excepteur esse. Esse qui cupidatat minim laborum velit occaecat officia. Nulla consectetur nisi laborum in eu fugiat ipsum magna. Ipsum sunt consectetur reprehenderit ea consectetur fugiat anim enim nostrud. Ut fugiat cupidatat aliquip ipsum laborum adipisicing sint tempor. Eu deserunt aute Lorem duis exercitation aute aute commodo ut eu elit elit commodo officia.\r\n",
        "City": "Herald",
        "Country": "Poland",
        "ImageUrl": "https://randomuser.me/api/portraits/men/11.jpg"
    },
    {
        "Id": "davis-id",
        "Email": "davis@test.com",
        "Gender": "male",
        "DateOfBirth": "1988-03-20",
        "DisplayName": "Davis",
        "Created": "2023-02-25",
        "LastActive": "2024-06-11",
        "Description": "Voluptate sunt adipisicing ea nisi ex ullamco veniam dolor. Dolor do et exercitation in. Aute enim pariatur amet commodo. Deserunt consectetur quis culpa aliqua voluptate ipsum exercitation exercitation exercitation ea aliqua sunt.\r\n",
        "City": "Lupton",
        "Country": "Luxembourg",
        "ImageUrl": "https://randomuser.me/api/portraits/men/93.jpg"
    }
]